{"cameraMode":{"drawMode":0,"name":"Shaded","section":"Shading Mode"},"sceneLighting":true,"audioPlay":false,"sceneViewState":{"m_AlwaysRefresh":false,"showFog":true,"showSkybox":true,"showFlares":true,"showImageEffects":true,"showParticleSystems":true,"showVisualEffectGraphs":true,"m_FxEnabled":false},"in2DMode":false,"pivot":{"x":-1.9633138179779053,"y":2.026543140411377,"z":22.093961715698243},"rotation":{"x":-0.03929822891950607,"y":0.008091180585324765,"z":-0.00031828132341615856,"w":-0.9991929531097412},"size":12.321895599365235,"orthographic":false}